sachin-handiekar_jInstagram/src/main/java/org/jinstagram/entity/common/Pagination.java###hasNextPage, 'test13'
sachin-handiekar_jInstagram/src/main/java/org/jinstagram/utils/Preconditions.java###checkValidRadius, 'test00'
sachin-handiekar_jInstagram/src/main/java/org/jinstagram/utils/Preconditions.java###checkValidUrl, 'test03'
sachin-handiekar_jInstagram/src/main/java/org/jinstagram/utils/Preconditions.java###checkEmptyString, 'test04'
sachin-handiekar_jInstagram/src/main/java/org/jinstagram/utils/Preconditions.java###checkBothNotNull, 'test05'
sachin-handiekar_jInstagram/src/main/java/org/jinstagram/utils/Preconditions.java###checkBothNotNull, 'test06'
sachin-handiekar_jInstagram/src/main/java/org/jinstagram/utils/Preconditions.java###checkBothNotNull, 'test07'
sachin-handiekar_jInstagram/src/main/java/org/jinstagram/utils/Preconditions.java###checkNotNull, 'test08'
sachin-handiekar_jInstagram/src/main/java/org/jinstagram/utils/Preconditions.java###checkNotNull, 'test09'
sachin-handiekar_jInstagram/src/main/java/org/jinstagram/utils/PaginationHelper.java###parseNextUrl, 'test1'
sachin-handiekar_jInstagram/src/main/java/org/jinstagram/utils/MapUtils.java###sort, 'test03'
sachin-handiekar_jInstagram/src/main/java/org/jinstagram/realtime/SubscriptionUtil.java###verifySubscriptionPostRequestSignature, 'test0'
sachin-handiekar_jInstagram/src/main/java/org/jinstagram/http/URLUtils.java###queryStringToMap, 'test17'
sachin-handiekar_jInstagram/src/main/java/org/jinstagram/http/URLUtils.java###formURLEncodeMap, 'test04'
sachin-handiekar_jInstagram/src/main/java/org/jinstagram/http/URLUtils.java###appendParametersToQueryString, 'test08'
sachin-handiekar_jInstagram/src/main/java/org/jinstagram/http/URLUtils.java###percentEncode, 'test16'
sachin-handiekar_jInstagram/src/main/java/org/jinstagram/http/Request.java###getByteBodyContents, 'test18'
sachin-handiekar_jInstagram/src/main/java/org/jinstagram/http/Request.java###getBodyContents, 'test35'
Zappos_zappos-json/src/main/java/com/zappos/json/JsonReaderCodeGenerator.java###registerReader, 'test24'
Zappos_zappos-json/src/main/java/com/zappos/json/JsonWriterCodeGenerator.java###registerWriter, 'test4'
Zappos_zappos-json/src/main/java/com/zappos/json/ZapposJson.java###getInstance, 'test10'
Zappos_zappos-json/src/main/java/com/zappos/json/ZapposJson.java###getInstance, 'test18'
